<?xml version="1.0" encoding="UTF-8" standalone="no"?>
<document type="com.apple.InterfaceBuilder3.CocoaTouch.Storyboard.XIB" version="3.0" toolsVersion="11134" systemVersion="15F34" targetRuntime="iOS.CocoaTouch" propertyAccessControl="none" useAutolayout="YES" useTraitCollections="YES" colorMatched="YES" initialViewController="BV1-FR-VrT">
    <dependencies>
        <plugIn identifier="com.apple.InterfaceBuilder.IBCocoaTouchPlugin" version="11106"/>
        <capability name="documents saved in the Xcode 8 format" minToolsVersion="8.0"/>
    </dependencies>
    <scenes>
        <!--Game View Controller-->
        <scene sceneID="tXr-a1-R10">
            <objects>
                <viewController id="BV1-FR-VrT" customClass="GameViewController" customModuleProvider="target" sceneMemberID="viewController">
                    <layoutGuides>
                        <viewControllerLayoutGuide type="top" id="8aa-yV-Osq"/>
                        <viewControllerLayoutGuide type="bottom" id="qHh-Mt-9TT"/>
                    </layoutGuides>
                    <view key="view" multipleTouchEnabled="YES" contentMode="scaleToFill" id="3se-qz-xqx" customClass="SKView">
                        <rect key="frame" x="0.0" y="0.0" width="375" height="667"/>
                        <autoresizingMask key="autoresizingMask" widthSizable="YES" heightSizable="YES"/>
                        <color key="backgroundColor" red="0.0" green="0.0" blue="0.0" alpha="1" colorSpace="custom" customColorSpace="sRGB"/>
                    </view>
                </viewController>
                <placeholder placeholderIdentifier="IBFirstResponder" id="SZV-WD-TEh" sceneMemberID="firstResponder"/>
            </objects>
        </scene>
    </scenes>
</document>
